MONTH,ACTIVE_CUSTOMERS,PREV_ACTIVE_CUSTOMERS,CUSTOMER_CHANGE,CUSTOMER_GROWTH_RATE
2024-01-01,196,,,
2024-02-01,131,196,-65,-0.331633
2024-03-01,198,131,67,0.511450
2024-04-01,196,198,-2,-0.010101
2024-05-01,191,196,-5,-0.025510
2024-06-01,226,191,35,0.183246
2024-07-01,218,226,-8,-0.035398
2024-08-01,235,218,17,0.077982
2024-09-01,167,235,-68,-0.289362
2024-10-01,187,167,20,0.119760
2024-11-01,194,187,7,0.037433
2024-12-01,214,194,20,0.103093
